{
  "_format": "hh-sol-cache-2",
  "files": {
    "C:\\Users\\Admin\\Documents\\GitHub\\dStreaming\\backend\\contracts\\LiveStreaming.sol": {
      "lastModificationDate": 1679210575234,
      "contentHash": "372c25971d9b7f332a232b1652a916c8",
      "sourceName": "contracts/LiveStreaming.sol",
      "solcConfig": {
        "version": "0.8.9",
        "settings": {
          "optimizer": {
            "enabled": true,
            "runs": 200
          },
          "outputSelection": {
            "*": {
              "*": [
                "abi",
                "evm.bytecode",
                "evm.deployedBytecode",
                "evm.methodIdentifiers",
                "metadata"
              ],
              "": [
                "ast"
              ]
            }
          }
        }
      },
      "imports": [],
      "versionPragmas": [
        "^0.8.9"
      ],
      "artifacts": [
        "LiveStreaming"
      ]
    }
  }
}
